target,plan,spec,purpose,verification
"src/route-tree.gen.ts","P003","S03","生成的类型化route树；只能generator写入","generate:check及URL集成测试"
"src/routes/_authenticated/translator/route.tsx","P003","S03","全屏翻校Outlet布局","路由布局与深链"
"src/routes/_authenticated/_shell/business/comic-detail/use-detail-actions.ts","P004","S02;S04","从两个旧页面提前抽取共享分工与workflow动作；与file-map拆分目标同一文件","回退revert与admin保留"
"src/application/vite-base.ts","P001","S01;S06","无route生成副作用的构建共同配置","Vite/Storybook/浏览器脚本独立启动"
"postcss.config.mjs","P001","S01","Native Tailwind4.1 PostCSS接入","生产CSS与主题"
".prettierrc.json","P001","S01;S07","固定Prettier排版","format:check"
".prettierignore","P001","S01;S07","仅锁/生成输出等精确工具范围","手写源码全量检查"
"script/route-config.ts","P003","S03;S07","Vite/generate共同route配置","business子树排除及tree一致"
"script/generate.ts","P003","S03;S07","generate及--check临时比较流程","无tracked修改及故意陈旧检测"
"src/routes/business/session/session.test.ts","P002","S04","单次身份恢复与代次隔离","SD-01;SD-02;SD-03"
"src/routes/business/session/session-persistence.test.ts","P002","S04","app-store兼容载入/写入","SD-01;SD-07"
"src/routes/business/session/online-lease.test.tsx","P002","S04","租约跨布局与清理","SD-10"
"src/routes/_authenticated/_shell/business/mail/mail-store.test.ts","P002","S04","会话绑定及已读状态","SD-04"
"src/shared/utility/http.test.ts","P002","S04","纯transport无业务依赖的HTTP边界","SD-08"
"src/application/test/router-fixture.ts","P003","S03;S06","真实tree和memory history装配，无生产消费者","URL与history验证"
"src/application/test/router.test.tsx","P003","S03;S06","公开URL、guard及query编码矩阵","ST-01;ST-02"
"src/routes/_authenticated/_shell/business/comic-detail/upload/upload-session.test.ts","P004","S04","上传跨视图及身份失效","SD-05;SD-06"
"src/routes/_authenticated/_shell/business/comic-detail/detail-actions.test.ts","P004","S04","两个入口共同分工/回退契约","ST-02"
"src/routes/_authenticated/_shell/member-list/business/MemberPage.test.tsx","P006","S06","成员邀请与角色交互","ST-03"
"src/routes/_authenticated/_shell/system-mail/business/SystemMailViewer.test.tsx","P006","S04;S06","viewer与共享已读状态","SD-04;ST-03"
"src/routes/_authenticated/_shell/settings/business/SettingsPanel.test.tsx","P006","S04;S06","会话退出与设置交互；P010追加主题场景","ST-03;UI-01"
"vite.browser-test.config.ts","P007","S01;S06","压缩等浏览器脚本无route生成配置","ST-06"
"vitest.integration.config.ts","P001","S06","jsdom/RTL项目含.test.tsx","ST-01..ST-07"
"vitest.storybook.config.ts","P009","S06","独立browser project","ST-08"
"vite.storybook.config.ts","P009","S01;S06","独立Storybook构建配置","ST-08"
"src/application/test/setup.ts","P001","S06","RTL/浏览器API测试初始化","夹具与网络隔离"
"src/application/ThemeProvider.tsx","P010","S05","应用唯一主题provider","UI-01;UI-02"
"src/shared/utility/theme.ts","P010","S05","主题读取/更新/初始化","UI-01"
"src/shared/utility/theme.test.ts","P010","S05","主题key容错与模式解析","UI-01"
"src/application/test/ThemeProvider.test.tsx","P010","S05","系统变化/多标签/provider清理","UI-01;UI-02"
"src/routes/_authenticated/_shell/settings/business/ThemeSelector.tsx","P010","S05","设置页三态选择控件","UI-01"
"script/check-style.ts","P010","S02;S07","声明命名行数专项","A70"
"script/check-style.test.ts","P010","S02;S07","专项有效/无效fixture","A70"
"script/check-dependency.ts","P010","S02;S07","导入与字符串入口规则","A70"
"script/check-dependency.test.ts","P010","S02;S07","alias/type/reexport/dynamic/测试例外","A70"
"script/check.ts","P011","S07","只读串行全门禁","A71"
"docs/REQUIREMENTS.md","P011","S01;S02;S07","Web正式工程规范及适配例外","规范与实际任务一致"
